<?xml version="1.0"?>
<!DOCTYPE hibernate-mapping PUBLIC "-//Hibernate/Hibernate Mapping DTD 3.0//EN"
"http://www.hibernate.org/dtd/hibernate-mapping-3.0.dtd">
<!-- Generated Aug 4, 2020 3:13:08 PM by Hibernate Tools 4.3.1 -->
<hibernate-mapping>
    <class name="POJOS.Accounts" table="accounts" catalog="bankingsprint" optimistic-lock="version">
        <id name="id" type="int">
            <column name="id" />
            <generator class="assigned" />
        </id>
        <property name="username" type="string">
            <column name="username" length="45" not-null="true" unique="true" />
        </property>
        <property name="password" type="string">
            <column name="password" length="45" not-null="true" />
        </property>
        <property name="balance" type="double">
            <column name="balance" precision="22" scale="0" not-null="true" />
        </property>
        <property name="name" type="string">
            <column name="name" length="45" not-null="true" />
        </property>
    </class>
</hibernate-mapping>
